DCALENDARIO[ANO]	DCALENDARIO[NUMEROMES]	DCALENDARIO[NOMEMES]	DCALENDARIO[TRIMESTRE]	DCALENDARIO[TRI ANO]	DCALENDARIO[SEM]	VMQ_TSIEMP[RAZAOABREV]	VMQ_TSICUS[CODCENCUS]	VMQ_TSICUS[DESCRCENCUS]	VMQ_CADDRE[BLOCO]	VMQ_CADDRE[TITULO]	VMQ_TGFNAT[DESCRNAT]	[ORCADO]	[REALIZADO]	[VB_ORCADO]	[VB_REALIZADO]
2025	2	fev	T1	T1-2025	1º Sem.	Consolidação	1020000	DISTRIBUICAO	3.Despesas com Vendas	3.Impostos s/ bonificações	BONIF DE PROD SOBRE VENDA	-6908,46		4216864,06	780104,6938
2025	1	jan	T1	T1-2025	1º Sem.	Consolidação	1020000	DISTRIBUICAO	3.Despesas com Vendas	3.Impostos s/ bonificações	BONIF DE PROD SOBRE VENDA	-7504,01		4606991,6	347022,6412
2026	3	mar	T1	T1-2026	1º Sem.	Consolidação	1020000	DISTRIBUICAO	3.Despesas com Vendas	3.Impostos s/ bonificações	BONIF DE PROD SOBRE VENDA	-9968,79		5710891,34	1414588,122
2026	4	abr	T2	T2-2026	1º Sem.	Consolidação	1020000	DISTRIBUICAO	3.Despesas com Vendas	3.Impostos s/ bonificações	BONIF DE PROD SOBRE VENDA	-11587,98		6299522,52	961293,4252
2026	7	jul	T3	T3-2026	2º Sem.	Consolidação	1020000	DISTRIBUICAO	3.Despesas com Vendas	3.Impostos s/ bonificações	BONIF DE PROD SOBRE VENDA	-11730,02		6840423,05	1469612,6872
2026	9	set	T3	T3-2026	2º Sem.	Consolidação	1020000	DISTRIBUICAO	3.Despesas com Vendas	3.Impostos s/ bonificações	BONIF DE PROD SOBRE VENDA	-12120,31		7397306,85	325992,65
2025	8	ago	T3	T3-2025	2º Sem.	Consolidação	1020000	DISTRIBUICAO	3.Despesas com Vendas	3.Impostos s/ bonificações	BONIF DE PROD SOBRE VENDA	-10720,02		6555235,34	885220,303
2025	9	set	T3	T3-2025	2º Sem.	Consolidação	1020000	DISTRIBUICAO	3.Despesas com Vendas	3.Impostos s/ bonificações	BONIF DE PROD SOBRE VENDA	-6160		6738690,72	899181,5971
2025	11	nov	T4	T4-2025	2º Sem.	Consolidação	1020000	DISTRIBUICAO	3.Despesas com Vendas	3.Impostos s/ bonificações	BONIF DE PROD SOBRE VENDA	-8120		8546417,28	1535126,1796
2025	12	dez	T4	T4-2025	2º Sem.	Consolidação	1020000	DISTRIBUICAO	3.Despesas com Vendas	3.Impostos s/ bonificações	BONIF DE PROD SOBRE VENDA	-5740		6411959,51	878426,4368
2026	2	fev	T1	T1-2026	1º Sem.	Consolidação	1020000	DISTRIBUICAO	3.Despesas com Vendas	3.Impostos s/ bonificações	BONIF DE PROD SOBRE VENDA	-8925,28		4981218,61	623737,974
2026	5	mai	T2	T2-2026	1º Sem.	Consolidação	1020000	DISTRIBUICAO	3.Despesas com Vendas	3.Impostos s/ bonificações	BONIF DE PROD SOBRE VENDA	-14403,15		7535712,28	1832348,5392
2025	10	out	T4	T4-2025	2º Sem.	Consolidação	1020000	DISTRIBUICAO	3.Despesas com Vendas	3.Impostos s/ bonificações	BONIF DE PROD SOBRE VENDA	-8400		7955451,09	1271825,2364
2025	3	mar	T1	T1-2025	1º Sem.	Consolidação	1020000	DISTRIBUICAO	3.Despesas com Vendas	3.Impostos s/ bonificações	BONIF DE PROD SOBRE VENDA	-7504,01		4570963,88	434614,6343
2025	4	abr	T2	T2-2025	1º Sem.	Consolidação	1020000	DISTRIBUICAO	3.Despesas com Vendas	3.Impostos s/ bonificações	BONIF DE PROD SOBRE VENDA	-8218,68		5045713,85	912934,6725
2024	11	nov	T4	T4-2024	2º Sem.	Consolidação	1020000	DISTRIBUICAO	3.Despesas com Vendas	3.Impostos s/ bonificações	BONIF DE PROD SOBRE VENDA	-6934		7643263	956761,4572
2024	12	dez	T4	T4-2024	2º Sem.	Consolidação	1020000	DISTRIBUICAO	3.Despesas com Vendas	3.Impostos s/ bonificações	BONIF DE PROD SOBRE VENDA	-5816		6011955	1242067,84
2025	5	mai	T2	T2-2025	1º Sem.	Consolidação	1020000	DISTRIBUICAO	3.Despesas com Vendas	3.Impostos s/ bonificações	BONIF DE PROD SOBRE VENDA	-8933,35		5512279,65	1011721,2897
2026	8	ago	T3	T3-2026	2º Sem.	Consolidação	1020000	DISTRIBUICAO	3.Despesas com Vendas	3.Impostos s/ bonificações	BONIF DE PROD SOBRE VENDA	-12159,36		7293908,34	1324472,974
2024	7	jul	T3	T3-2024	2º Sem.	Consolidação	1020000	DISTRIBUICAO	3.Despesas com Vendas	3.Impostos s/ bonificações	BONIF DE PROD SOBRE VENDA	-2765		5615791,31	872080,2154
2026	1	jan	T1	T1-2026	1º Sem.	Consolidação	1020000	DISTRIBUICAO	3.Despesas com Vendas	3.Impostos s/ bonificações	BONIF DE PROD SOBRE VENDA	-9968,79		5500885,79	510404,9322
2026	6	jun	T2	T2-2026	1º Sem.	Consolidação	1020000	DISTRIBUICAO	3.Despesas com Vendas	3.Impostos s/ bonificações	BONIF DE PROD SOBRE VENDA	-11730,02		6768805,86	1369494,069
2024	9	set	T3	T3-2024	2º Sem.	Consolidação	1020000	DISTRIBUICAO	3.Despesas com Vendas	3.Impostos s/ bonificações	BONIF DE PROD SOBRE VENDA	-6487		6793771	708584,88
2024	10	out	T4	T4-2024	2º Sem.	Consolidação	1020000	DISTRIBUICAO	3.Despesas com Vendas	3.Impostos s/ bonificações	BONIF DE PROD SOBRE VENDA	-7158		7487771	825631,242
2025	7	jul	T3	T3-2025	2º Sem.	Consolidação	1020000	DISTRIBUICAO	3.Despesas com Vendas	3.Impostos s/ bonificações	BONIF DE PROD SOBRE VENDA	-9171,58		5742667,37	645965,0182
2024	8	ago	T3	T3-2024	2º Sem.	Consolidação	1020000	DISTRIBUICAO	3.Despesas com Vendas	3.Impostos s/ bonificações	BONIF DE PROD SOBRE VENDA	-5816		6054278	737784,3344
2025	6	jun	T2	T2-2025	1º Sem.	Consolidação	1020000	DISTRIBUICAO	3.Despesas com Vendas	3.Impostos s/ bonificações	BONIF DE PROD SOBRE VENDA	-8933,35		5644016,74	550459,4085
2023	11	nov	T4	T4-2023	2º Sem.	Consolidação	1020000	DISTRIBUICAO	3.Despesas com Vendas	3.Impostos s/ bonificações	BONIF DE PROD SOBRE VENDA	-2314		8743403	0
2023	12	dez	T4	T4-2023	2º Sem.	Consolidação	1020000	DISTRIBUICAO	3.Despesas com Vendas	3.Impostos s/ bonificações	BONIF DE PROD SOBRE VENDA	-1736		6636875	0
2023	8	ago	T3	T3-2023	2º Sem.	Consolidação	1010200	VAREJO - RJ	3.Despesas com Vendas	3.Impostos s/ bonificações	BONIF DE PROD SOBRE VENDA	-1589		6376723	0
2023	9	set	T3	T3-2023	2º Sem.	Consolidação	1010200	VAREJO - RJ	3.Despesas com Vendas	3.Impostos s/ bonificações	BONIF DE PROD SOBRE VENDA	-1988		7392012	0
2023	8	ago	T3	T3-2023	2º Sem.	Consolidação	3010000	ASSISTENCIA TECNICA	3.Despesas com Vendas	3.Impostos s/ bonificações	BONIF DE PROD SOBRE VENDA	-20		6376723	0
2023	7	jul	T3	T3-2023	2º Sem.	Consolidação	1020000	DISTRIBUICAO	3.Despesas com Vendas	3.Impostos s/ bonificações	BONIF DE PROD SOBRE VENDA	-1601		5341477	0
2023	7	jul	T3	T3-2023	2º Sem.	Consolidação	1050000	COMERCIO EXTERIOR	3.Despesas com Vendas	3.Impostos s/ bonificações	BONIF DE PROD SOBRE VENDA	-252		5341477	0
2023	8	ago	T3	T3-2023	2º Sem.	Consolidação	12010000	E-COMMERCE	3.Despesas com Vendas	3.Impostos s/ bonificações	BONIF DE PROD SOBRE VENDA	-15		6376723	0
2023	12	dez	T4	T4-2023	2º Sem.	Consolidação	12010000	E-COMMERCE	3.Despesas com Vendas	3.Impostos s/ bonificações	BONIF DE PROD SOBRE VENDA	-12		6636875	0
2023	9	set	T3	T3-2023	2º Sem.	Consolidação	1020000	DISTRIBUICAO	3.Despesas com Vendas	3.Impostos s/ bonificações	BONIF DE PROD SOBRE VENDA	-1928		7392012	0
2023	8	ago	T3	T3-2023	2º Sem.	Consolidação	1020000	DISTRIBUICAO	3.Despesas com Vendas	3.Impostos s/ bonificações	BONIF DE PROD SOBRE VENDA	-1793		6376723	0
2023	10	out	T4	T4-2023	2º Sem.	Consolidação	1020000	DISTRIBUICAO	3.Despesas com Vendas	3.Impostos s/ bonificações	BONIF DE PROD SOBRE VENDA	-2314		8620852	0
2023	7	jul	T3	T3-2023	2º Sem.	Consolidação	3010000	ASSISTENCIA TECNICA	3.Despesas com Vendas	3.Impostos s/ bonificações	BONIF DE PROD SOBRE VENDA	-20		5341477	0
2023	9	set	T3	T3-2023	2º Sem.	Consolidação	12010000	E-COMMERCE	3.Despesas com Vendas	3.Impostos s/ bonificações	BONIF DE PROD SOBRE VENDA	-16		7392012	0
2023	9	set	T3	T3-2023	2º Sem.	Consolidação	1010300	VAREJO - ND	3.Despesas com Vendas	3.Impostos s/ bonificações	BONIF DE PROD SOBRE VENDA	-3486		7392012	0
2023	10	out	T4	T4-2023	2º Sem.	Consolidação	1010300	VAREJO - ND	3.Despesas com Vendas	3.Impostos s/ bonificações	BONIF DE PROD SOBRE VENDA	-4276		8620852	0
2023	11	nov	T4	T4-2023	2º Sem.	Consolidação	1050000	COMERCIO EXTERIOR	3.Despesas com Vendas	3.Impostos s/ bonificações	BONIF DE PROD SOBRE VENDA	-755		8743403	0
2023	10	out	T4	T4-2023	2º Sem.	Consolidação	12010000	E-COMMERCE	3.Despesas com Vendas	3.Impostos s/ bonificações	BONIF DE PROD SOBRE VENDA	-18		8620852	0
2023	11	nov	T4	T4-2023	2º Sem.	Consolidação	1010300	VAREJO - ND	3.Despesas com Vendas	3.Impostos s/ bonificações	BONIF DE PROD SOBRE VENDA	-4276		8743403	0
2023	7	jul	T3	T3-2023	2º Sem.	Consolidação	1010400	VAREJO - SUL	3.Despesas com Vendas	3.Impostos s/ bonificações	BONIF DE PROD SOBRE VENDA	-2231		5341477	0
2023	8	ago	T3	T3-2023	2º Sem.	Consolidação	1010400	VAREJO - SUL	3.Despesas com Vendas	3.Impostos s/ bonificações	BONIF DE PROD SOBRE VENDA	-2581		6376723	0
2023	9	set	T3	T3-2023	2º Sem.	Consolidação	1010400	VAREJO - SUL	3.Despesas com Vendas	3.Impostos s/ bonificações	BONIF DE PROD SOBRE VENDA	-3228		7392012	0
2023	10	out	T4	T4-2023	2º Sem.	Consolidação	3010000	ASSISTENCIA TECNICA	3.Despesas com Vendas	3.Impostos s/ bonificações	BONIF DE PROD SOBRE VENDA	-20		8620852	0
2023	8	ago	T3	T3-2023	2º Sem.	Consolidação	1050000	COMERCIO EXTERIOR	3.Despesas com Vendas	3.Impostos s/ bonificações	BONIF DE PROD SOBRE VENDA	-655		6376723	0
2023	7	jul	T3	T3-2023	2º Sem.	Consolidação	12010000	E-COMMERCE	3.Despesas com Vendas	3.Impostos s/ bonificações	BONIF DE PROD SOBRE VENDA	-14		5341477	0
2023	12	dez	T4	T4-2023	2º Sem.	Consolidação	1010200	VAREJO - RJ	3.Despesas com Vendas	3.Impostos s/ bonificações	BONIF DE PROD SOBRE VENDA	-1712		6636875	0
2023	10	out	T4	T4-2023	2º Sem.	Consolidação	1010200	VAREJO - RJ	3.Despesas com Vendas	3.Impostos s/ bonificações	BONIF DE PROD SOBRE VENDA	-2438		8620852	0
2023	7	jul	T3	T3-2023	2º Sem.	Consolidação	1010300	VAREJO - ND	3.Despesas com Vendas	3.Impostos s/ bonificações	BONIF DE PROD SOBRE VENDA	-2409		5341477	0
2023	12	dez	T4	T4-2023	2º Sem.	Consolidação	1010300	VAREJO - ND	3.Despesas com Vendas	3.Impostos s/ bonificações	BONIF DE PROD SOBRE VENDA	-3003		6636875	0
2023	10	out	T4	T4-2023	2º Sem.	Consolidação	1010400	VAREJO - SUL	3.Despesas com Vendas	3.Impostos s/ bonificações	BONIF DE PROD SOBRE VENDA	-3959		8620852	0
2023	12	dez	T4	T4-2023	2º Sem.	Consolidação	1010400	VAREJO - SUL	3.Despesas com Vendas	3.Impostos s/ bonificações	BONIF DE PROD SOBRE VENDA	-2781		6636875	0
2023	7	jul	T3	T3-2023	2º Sem.	Consolidação	1010100	VAREJO - SP	3.Despesas com Vendas	3.Impostos s/ bonificações	BONIF DE PROD SOBRE VENDA	1		5341477	0
2023	11	nov	T4	T4-2023	2º Sem.	Consolidação	3010000	ASSISTENCIA TECNICA	3.Despesas com Vendas	3.Impostos s/ bonificações	BONIF DE PROD SOBRE VENDA	-20		8743403	0
2023	12	dez	T4	T4-2023	2º Sem.	Consolidação	3010000	ASSISTENCIA TECNICA	3.Despesas com Vendas	3.Impostos s/ bonificações	BONIF DE PROD SOBRE VENDA	-20		6636875	0
2023	9	set	T3	T3-2023	2º Sem.	Consolidação	1050000	COMERCIO EXTERIOR	3.Despesas com Vendas	3.Impostos s/ bonificações	BONIF DE PROD SOBRE VENDA	-755		7392012	0
2023	9	set	T3	T3-2023	2º Sem.	Consolidação	3010000	ASSISTENCIA TECNICA	3.Despesas com Vendas	3.Impostos s/ bonificações	BONIF DE PROD SOBRE VENDA	-20		7392012	0
2023	10	out	T4	T4-2023	2º Sem.	Consolidação	1050000	COMERCIO EXTERIOR	3.Despesas com Vendas	3.Impostos s/ bonificações	BONIF DE PROD SOBRE VENDA	-755		8620852	0
2023	12	dez	T4	T4-2023	2º Sem.	Consolidação	1050000	COMERCIO EXTERIOR	3.Despesas com Vendas	3.Impostos s/ bonificações	BONIF DE PROD SOBRE VENDA	-1007		6636875	0
2023	11	nov	T4	T4-2023	2º Sem.	Consolidação	12010000	E-COMMERCE	3.Despesas com Vendas	3.Impostos s/ bonificações	BONIF DE PROD SOBRE VENDA	-19		8743403	0
2023	7	jul	T3	T3-2023	2º Sem.	Consolidação	1010200	VAREJO - RJ	3.Despesas com Vendas	3.Impostos s/ bonificações	BONIF DE PROD SOBRE VENDA	-1373		5341477	0
2023	11	nov	T4	T4-2023	2º Sem.	Consolidação	1010200	VAREJO - RJ	3.Despesas com Vendas	3.Impostos s/ bonificações	BONIF DE PROD SOBRE VENDA	-2438		8743403	0
2023	8	ago	T3	T3-2023	2º Sem.	Consolidação	1010300	VAREJO - ND	3.Despesas com Vendas	3.Impostos s/ bonificações	BONIF DE PROD SOBRE VENDA	-2788		6376723	0
2023	11	nov	T4	T4-2023	2º Sem.	Consolidação	1010400	VAREJO - SUL	3.Despesas com Vendas	3.Impostos s/ bonificações	BONIF DE PROD SOBRE VENDA	-3959		8743403	0
2024	8	ago	T3	T3-2024	2º Sem.	Consolidação	1010100	VAREJO - SP	3.Despesas com Vendas	3.Impostos s/ bonificações	BONIF DE PROD SOBRE VENDA	-10414		6054278	737784,3344
2024	12	dez	T4	T4-2024	2º Sem.	Consolidação	1010400	VAREJO - SUL	3.Despesas com Vendas	3.Impostos s/ bonificações	BONIF DE PROD SOBRE VENDA	-1320		6011955	1242067,84
2024	7	jul	T3	T3-2024	2º Sem.	Consolidação	1010100	VAREJO - SP	3.Despesas com Vendas	3.Impostos s/ bonificações	BONIF DE PROD SOBRE VENDA	-67		5615791,31	872080,2154
2023	12	dez	T4	T4-2023	2º Sem.	Consolidação	1010100	VAREJO - SP	3.Despesas com Vendas	3.Impostos s/ bonificações	BONIF DE PROD SOBRE VENDA	-30		6636875	0
2023	9	set	T3	T3-2023	2º Sem.	Consolidação	1010100	VAREJO - SP	3.Despesas com Vendas	3.Impostos s/ bonificações	BONIF DE PROD SOBRE VENDA	-35		7392012	0
2023	10	out	T4	T4-2023	2º Sem.	Consolidação	1010100	VAREJO - SP	3.Despesas com Vendas	3.Impostos s/ bonificações	BONIF DE PROD SOBRE VENDA	-42		8620852	0
2024	8	ago	T3	T3-2024	2º Sem.	Consolidação	3010000	ASSISTENCIA TECNICA	3.Despesas com Vendas	3.Impostos s/ bonificações	BONIF DE PROD SOBRE VENDA	-4		6054278	737784,3344
2023	11	nov	T4	T4-2023	2º Sem.	Consolidação	1010100	VAREJO - SP	3.Despesas com Vendas	3.Impostos s/ bonificações	BONIF DE PROD SOBRE VENDA	-42		8743403	0
2024	7	jul	T3	T3-2024	2º Sem.	Consolidação	1010300	VAREJO - ND	3.Despesas com Vendas	3.Impostos s/ bonificações	BONIF DE PROD SOBRE VENDA	-1488,53		5615791,31	872080,2154
2024	11	nov	T4	T4-2024	2º Sem.	Consolidação	1010300	VAREJO - ND	3.Despesas com Vendas	3.Impostos s/ bonificações	BONIF DE PROD SOBRE VENDA	-3433		7643263	956761,4572
2024	9	set	T3	T3-2024	2º Sem.	Consolidação	1010300	VAREJO - ND	3.Despesas com Vendas	3.Impostos s/ bonificações	BONIF DE PROD SOBRE VENDA	-3051		6793771	708584,88
2024	7	jul	T3	T3-2024	2º Sem.	Consolidação	1010400	VAREJO - SUL	3.Despesas com Vendas	3.Impostos s/ bonificações	BONIF DE PROD SOBRE VENDA	-1415,51		5615791,31	872080,2154
2024	10	out	T4	T4-2024	2º Sem.	Consolidação	1010300	VAREJO - ND	3.Despesas com Vendas	3.Impostos s/ bonificações	BONIF DE PROD SOBRE VENDA	-3433		7487771	825631,242
2024	12	dez	T4	T4-2024	2º Sem.	Consolidação	1010300	VAREJO - ND	3.Despesas com Vendas	3.Impostos s/ bonificações	BONIF DE PROD SOBRE VENDA	-2517		6011955	1242067,84
2024	10	out	T4	T4-2024	2º Sem.	Consolidação	1010400	VAREJO - SUL	3.Despesas com Vendas	3.Impostos s/ bonificações	BONIF DE PROD SOBRE VENDA	-1800		7487771	825631,242
2024	7	jul	T3	T3-2024	2º Sem.	Consolidação	1010200	VAREJO - RJ	3.Despesas com Vendas	3.Impostos s/ bonificações	BONIF DE PROD SOBRE VENDA	-269		5615791,31	872080,2154
2024	8	ago	T3	T3-2024	2º Sem.	Consolidação	1010200	VAREJO - RJ	3.Despesas com Vendas	3.Impostos s/ bonificações	BONIF DE PROD SOBRE VENDA	-3177		6054278	737784,3344
2024	10	out	T4	T4-2024	2º Sem.	Consolidação	1010200	VAREJO - RJ	3.Despesas com Vendas	3.Impostos s/ bonificações	BONIF DE PROD SOBRE VENDA	-4050		7487771	825631,242
2024	8	ago	T3	T3-2024	2º Sem.	Consolidação	1010400	VAREJO - SUL	3.Despesas com Vendas	3.Impostos s/ bonificações	BONIF DE PROD SOBRE VENDA	-1412		6054278	737784,3344
2024	9	set	T3	T3-2024	2º Sem.	Consolidação	1010400	VAREJO - SUL	3.Despesas com Vendas	3.Impostos s/ bonificações	BONIF DE PROD SOBRE VENDA	-1600		6793771	708584,88
2024	11	nov	T4	T4-2024	2º Sem.	Consolidação	1010200	VAREJO - RJ	3.Despesas com Vendas	3.Impostos s/ bonificações	BONIF DE PROD SOBRE VENDA	-4050		7643263	956761,4572
2024	11	nov	T4	T4-2024	2º Sem.	Consolidação	1010400	VAREJO - SUL	3.Despesas com Vendas	3.Impostos s/ bonificações	BONIF DE PROD SOBRE VENDA	-1800		7643263	956761,4572
2024	8	ago	T3	T3-2024	2º Sem.	Consolidação	1010300	VAREJO - ND	3.Despesas com Vendas	3.Impostos s/ bonificações	BONIF DE PROD SOBRE VENDA	-2693		6054278	737784,3344
2024	12	dez	T4	T4-2024	2º Sem.	Consolidação	1010100	VAREJO - SP	3.Despesas com Vendas	3.Impostos s/ bonificações	BONIF DE PROD SOBRE VENDA	-9735		6011955	1242067,84
2024	9	set	T3	T3-2024	2º Sem.	Consolidação	1010200	VAREJO - RJ	3.Despesas com Vendas	3.Impostos s/ bonificações	BONIF DE PROD SOBRE VENDA	-3600		6793771	708584,88
2024	9	set	T3	T3-2024	2º Sem.	Consolidação	1010100	VAREJO - SP	3.Despesas com Vendas	3.Impostos s/ bonificações	BONIF DE PROD SOBRE VENDA	-11800		6793771	708584,88
2024	10	out	T4	T4-2024	2º Sem.	Consolidação	3010000	ASSISTENCIA TECNICA	3.Despesas com Vendas	3.Impostos s/ bonificações	BONIF DE PROD SOBRE VENDA	-7		7487771	825631,242
2024	7	jul	T3	T3-2024	2º Sem.	Consolidação	3010000	ASSISTENCIA TECNICA	3.Despesas com Vendas	3.Impostos s/ bonificações	BONIF DE PROD SOBRE VENDA	-5,94		5615791,31	872080,2154
2024	11	nov	T4	T4-2024	2º Sem.	Consolidação	1010100	VAREJO - SP	3.Despesas com Vendas	3.Impostos s/ bonificações	BONIF DE PROD SOBRE VENDA	-13275		7643263	956761,4572
2024	12	dez	T4	T4-2024	2º Sem.	Consolidação	1050000	COMERCIO EXTERIOR	3.Despesas com Vendas	3.Impostos s/ bonificações	BONIF DE PROD SOBRE VENDA	-109		6011955	1242067,84
2024	11	nov	T4	T4-2024	2º Sem.	Consolidação	1050000	COMERCIO EXTERIOR	3.Despesas com Vendas	3.Impostos s/ bonificações	BONIF DE PROD SOBRE VENDA	-170		7643263	956761,4572
2024	9	set	T3	T3-2024	2º Sem.	Consolidação	1050000	COMERCIO EXTERIOR	3.Despesas com Vendas	3.Impostos s/ bonificações	BONIF DE PROD SOBRE VENDA	-152		6793771	708584,88
2024	10	out	T4	T4-2024	2º Sem.	Consolidação	1050000	COMERCIO EXTERIOR	3.Despesas com Vendas	3.Impostos s/ bonificações	BONIF DE PROD SOBRE VENDA	-152		7487771	825631,242
2024	12	dez	T4	T4-2024	2º Sem.	Consolidação	1010200	VAREJO - RJ	3.Despesas com Vendas	3.Impostos s/ bonificações	BONIF DE PROD SOBRE VENDA	-2970		6011955	1242067,84
2024	8	ago	T3	T3-2024	2º Sem.	Consolidação	1050000	COMERCIO EXTERIOR	3.Despesas com Vendas	3.Impostos s/ bonificações	BONIF DE PROD SOBRE VENDA	-134		6054278	737784,3344
2024	9	set	T3	T3-2024	2º Sem.	Consolidação	3010000	ASSISTENCIA TECNICA	3.Despesas com Vendas	3.Impostos s/ bonificações	BONIF DE PROD SOBRE VENDA	-4		6793771	708584,88
2024	11	nov	T4	T4-2024	2º Sem.	Consolidação	3010000	ASSISTENCIA TECNICA	3.Despesas com Vendas	3.Impostos s/ bonificações	BONIF DE PROD SOBRE VENDA	-7		7643263	956761,4572
2024	10	out	T4	T4-2024	2º Sem.	Consolidação	1010100	VAREJO - SP	3.Despesas com Vendas	3.Impostos s/ bonificações	BONIF DE PROD SOBRE VENDA	-13275		7487771	825631,242
2024	12	dez	T4	T4-2024	2º Sem.	Consolidação	3010000	ASSISTENCIA TECNICA	3.Despesas com Vendas	3.Impostos s/ bonificações	BONIF DE PROD SOBRE VENDA	-4		6011955	1242067,84
2026	1	jan	T1	T1-2026	1º Sem.	Consolidação	3010000	ASSISTENCIA TECNICA	3.Despesas com Vendas	3.Impostos s/ bonificações	BONIF DE PROD SOBRE VENDA	-9695,1		5500885,79	510404,9322
2026	2	fev	T1	T1-2026	1º Sem.	Consolidação	3010000	ASSISTENCIA TECNICA	3.Despesas com Vendas	3.Impostos s/ bonificações	BONIF DE PROD SOBRE VENDA	-4613,25		4981218,61	623737,974
2026	3	mar	T1	T1-2026	1º Sem.	Consolidação	3010000	ASSISTENCIA TECNICA	3.Despesas com Vendas	3.Impostos s/ bonificações	BONIF DE PROD SOBRE VENDA	-5692,16		5710891,34	1414588,122
2026	4	abr	T2	T2-2026	1º Sem.	Consolidação	3010000	ASSISTENCIA TECNICA	3.Despesas com Vendas	3.Impostos s/ bonificações	BONIF DE PROD SOBRE VENDA	-5692,16		6299522,52	961293,4252
2026	5	mai	T2	T2-2026	1º Sem.	Consolidação	3010000	ASSISTENCIA TECNICA	3.Despesas com Vendas	3.Impostos s/ bonificações	BONIF DE PROD SOBRE VENDA	-5692,16		7535712,28	1832348,5392
2026	6	jun	T2	T2-2026	1º Sem.	Consolidação	3010000	ASSISTENCIA TECNICA	3.Despesas com Vendas	3.Impostos s/ bonificações	BONIF DE PROD SOBRE VENDA	-5692,16		6768805,86	1369494,069
2026	7	jul	T3	T3-2026	2º Sem.	Consolidação	3010000	ASSISTENCIA TECNICA	3.Despesas com Vendas	3.Impostos s/ bonificações	BONIF DE PROD SOBRE VENDA	-5692,16		6840423,05	1469612,6872
2026	8	ago	T3	T3-2026	2º Sem.	Consolidação	3010000	ASSISTENCIA TECNICA	3.Despesas com Vendas	3.Impostos s/ bonificações	BONIF DE PROD SOBRE VENDA	-5692,16		7293908,34	1324472,974
2026	9	set	T3	T3-2026	2º Sem.	Consolidação	3010000	ASSISTENCIA TECNICA	3.Despesas com Vendas	3.Impostos s/ bonificações	BONIF DE PROD SOBRE VENDA	-5692,16		7397306,85	325992,65
2026	10	out	T4	T4-2026	2º Sem.	Consolidação	3010000	ASSISTENCIA TECNICA	3.Despesas com Vendas	3.Impostos s/ bonificações	BONIF DE PROD SOBRE VENDA	-5692,16		8893735,76	0
2026	11	nov	T4	T4-2026	2º Sem.	Consolidação	3010000	ASSISTENCIA TECNICA	3.Despesas com Vendas	3.Impostos s/ bonificações	BONIF DE PROD SOBRE VENDA	-5692,16		9596091,35	0
2026	12	dez	T4	T4-2026	2º Sem.	Consolidação	3010000	ASSISTENCIA TECNICA	3.Despesas com Vendas	3.Impostos s/ bonificações	BONIF DE PROD SOBRE VENDA	-5692,16		6867831,05	0
2026	1	jan	T1	T1-2026	1º Sem.	Consolidação	1010300	VAREJO - ND	3.Despesas com Vendas	3.Impostos s/ bonificações	BONIF DE PROD SOBRE VENDA	-961,63		5500885,79	510404,9322
2026	1	jan	T1	T1-2026	1º Sem.	Consolidação	1010200	VAREJO - RJ	3.Despesas com Vendas	3.Impostos s/ bonificações	BONIF DE PROD SOBRE VENDA	-241,46		5500885,79	510404,9322
2026	1	jan	T1	T1-2026	1º Sem.	Consolidação	1010100	VAREJO - SP	3.Despesas com Vendas	3.Impostos s/ bonificações	BONIF DE PROD SOBRE VENDA	-167,24		5500885,79	510404,9322
2026	1	jan	T1	T1-2026	1º Sem.	Consolidação	1010400	VAREJO - SUL	3.Despesas com Vendas	3.Impostos s/ bonificações	BONIF DE PROD SOBRE VENDA	-1048,22		5500885,79	510404,9322
2026	2	fev	T1	T1-2026	1º Sem.	Consolidação	1010300	VAREJO - ND	3.Despesas com Vendas	3.Impostos s/ bonificações	BONIF DE PROD SOBRE VENDA	-756,15		4981218,61	623737,974
2026	2	fev	T1	T1-2026	1º Sem.	Consolidação	1010200	VAREJO - RJ	3.Despesas com Vendas	3.Impostos s/ bonificações	BONIF DE PROD SOBRE VENDA	-187,61		4981218,61	623737,974
2026	2	fev	T1	T1-2026	1º Sem.	Consolidação	1010100	VAREJO - SP	3.Despesas com Vendas	3.Impostos s/ bonificações	BONIF DE PROD SOBRE VENDA	-143,32		4981218,61	623737,974
2026	2	fev	T1	T1-2026	1º Sem.	Consolidação	1010400	VAREJO - SUL	3.Despesas com Vendas	3.Impostos s/ bonificações	BONIF DE PROD SOBRE VENDA	-819,42		4981218,61	623737,974
2026	3	mar	T1	T1-2026	1º Sem.	Consolidação	1010300	VAREJO - ND	3.Despesas com Vendas	3.Impostos s/ bonificações	BONIF DE PROD SOBRE VENDA	-961,63		5710891,34	1414588,122
2026	3	mar	T1	T1-2026	1º Sem.	Consolidação	1010200	VAREJO - RJ	3.Despesas com Vendas	3.Impostos s/ bonificações	BONIF DE PROD SOBRE VENDA	-223,6		5710891,34	1414588,122
2026	3	mar	T1	T1-2026	1º Sem.	Consolidação	1010100	VAREJO - SP	3.Despesas com Vendas	3.Impostos s/ bonificações	BONIF DE PROD SOBRE VENDA	-167,24		5710891,34	1414588,122
2026	3	mar	T1	T1-2026	1º Sem.	Consolidação	1010400	VAREJO - SUL	3.Despesas com Vendas	3.Impostos s/ bonificações	BONIF DE PROD SOBRE VENDA	-902,77		5710891,34	1414588,122
2026	4	abr	T2	T2-2026	1º Sem.	Consolidação	1010300	VAREJO - ND	3.Despesas com Vendas	3.Impostos s/ bonificações	BONIF DE PROD SOBRE VENDA	-1425,19		6299522,52	961293,4252
2026	4	abr	T2	T2-2026	1º Sem.	Consolidação	1010200	VAREJO - RJ	3.Despesas com Vendas	3.Impostos s/ bonificações	BONIF DE PROD SOBRE VENDA	-239,04		6299522,52	961293,4252
2026	4	abr	T2	T2-2026	1º Sem.	Consolidação	1010100	VAREJO - SP	3.Despesas com Vendas	3.Impostos s/ bonificações	BONIF DE PROD SOBRE VENDA	-182,61		6299522,52	961293,4252
2026	4	abr	T2	T2-2026	1º Sem.	Consolidação	1010400	VAREJO - SUL	3.Despesas com Vendas	3.Impostos s/ bonificações	BONIF DE PROD SOBRE VENDA	-1166,3		6299522,52	961293,4252
2026	5	mai	T2	T2-2026	1º Sem.	Consolidação	1010300	VAREJO - ND	3.Despesas com Vendas	3.Impostos s/ bonificações	BONIF DE PROD SOBRE VENDA	-1151,32		7535712,28	1832348,5392
2026	5	mai	T2	T2-2026	1º Sem.	Consolidação	1010200	VAREJO - RJ	3.Despesas com Vendas	3.Impostos s/ bonificações	BONIF DE PROD SOBRE VENDA	-272,05		7535712,28	1832348,5392
2026	5	mai	T2	T2-2026	1º Sem.	Consolidação	1010100	VAREJO - SP	3.Despesas com Vendas	3.Impostos s/ bonificações	BONIF DE PROD SOBRE VENDA	-222,44		7535712,28	1832348,5392
2026	5	mai	T2	T2-2026	1º Sem.	Consolidação	1010400	VAREJO - SUL	3.Despesas com Vendas	3.Impostos s/ bonificações	BONIF DE PROD SOBRE VENDA	-1455,99		7535712,28	1832348,5392
2026	6	jun	T2	T2-2026	1º Sem.	Consolidação	1010300	VAREJO - ND	3.Despesas com Vendas	3.Impostos s/ bonificações	BONIF DE PROD SOBRE VENDA	-950,55		6768805,86	1369494,069
2026	6	jun	T2	T2-2026	1º Sem.	Consolidação	1010200	VAREJO - RJ	3.Despesas com Vendas	3.Impostos s/ bonificações	BONIF DE PROD SOBRE VENDA	-255,04		6768805,86	1369494,069
2026	6	jun	T2	T2-2026	1º Sem.	Consolidação	1010100	VAREJO - SP	3.Despesas com Vendas	3.Impostos s/ bonificações	BONIF DE PROD SOBRE VENDA	-187,25		6768805,86	1369494,069
2026	6	jun	T2	T2-2026	1º Sem.	Consolidação	1010400	VAREJO - SUL	3.Despesas com Vendas	3.Impostos s/ bonificações	BONIF DE PROD SOBRE VENDA	-1166,3		6768805,86	1369494,069
2026	7	jul	T3	T3-2026	2º Sem.	Consolidação	1010300	VAREJO - ND	3.Despesas com Vendas	3.Impostos s/ bonificações	BONIF DE PROD SOBRE VENDA	-1091,65		6840423,05	1469612,6872
2026	7	jul	T3	T3-2026	2º Sem.	Consolidação	1010200	VAREJO - RJ	3.Despesas com Vendas	3.Impostos s/ bonificações	BONIF DE PROD SOBRE VENDA	-272,05		6840423,05	1469612,6872
2026	7	jul	T3	T3-2026	2º Sem.	Consolidação	1010100	VAREJO - SP	3.Despesas com Vendas	3.Impostos s/ bonificações	BONIF DE PROD SOBRE VENDA	-187,25		6840423,05	1469612,6872
2026	7	jul	T3	T3-2026	2º Sem.	Consolidação	1010400	VAREJO - SUL	3.Despesas com Vendas	3.Impostos s/ bonificações	BONIF DE PROD SOBRE VENDA	-1166,3		6840423,05	1469612,6872
2026	8	ago	T3	T3-2026	2º Sem.	Consolidação	1010300	VAREJO - ND	3.Despesas com Vendas	3.Impostos s/ bonificações	BONIF DE PROD SOBRE VENDA	-926,71		7293908,34	1324472,974
2026	8	ago	T3	T3-2026	2º Sem.	Consolidação	1010200	VAREJO - RJ	3.Despesas com Vendas	3.Impostos s/ bonificações	BONIF DE PROD SOBRE VENDA	-267,87		7293908,34	1324472,974
2026	8	ago	T3	T3-2026	2º Sem.	Consolidação	1010100	VAREJO - SP	3.Despesas com Vendas	3.Impostos s/ bonificações	BONIF DE PROD SOBRE VENDA	-182		7293908,34	1324472,974
2026	8	ago	T3	T3-2026	2º Sem.	Consolidação	1010400	VAREJO - SUL	3.Despesas com Vendas	3.Impostos s/ bonificações	BONIF DE PROD SOBRE VENDA	-1232,91		7293908,34	1324472,974
2026	9	set	T3	T3-2026	2º Sem.	Consolidação	1010300	VAREJO - ND	3.Despesas com Vendas	3.Impostos s/ bonificações	BONIF DE PROD SOBRE VENDA	-1048,93		7397306,85	325992,65
2026	9	set	T3	T3-2026	2º Sem.	Consolidação	1010200	VAREJO - RJ	3.Despesas com Vendas	3.Impostos s/ bonificações	BONIF DE PROD SOBRE VENDA	-302,33		7397306,85	325992,65
2026	9	set	T3	T3-2026	2º Sem.	Consolidação	1010100	VAREJO - SP	3.Despesas com Vendas	3.Impostos s/ bonificações	BONIF DE PROD SOBRE VENDA	-195,15		7397306,85	325992,65
2026	9	set	T3	T3-2026	2º Sem.	Consolidação	1010400	VAREJO - SUL	3.Despesas com Vendas	3.Impostos s/ bonificações	BONIF DE PROD SOBRE VENDA	-1206,6		7397306,85	325992,65
2026	10	out	T4	T4-2026	2º Sem.	Consolidação	1020000	DISTRIBUICAO	3.Despesas com Vendas	3.Impostos s/ bonificações	BONIF DE PROD SOBRE VENDA	-17371,63		8893735,76	0
2026	10	out	T4	T4-2026	2º Sem.	Consolidação	1010300	VAREJO - ND	3.Despesas com Vendas	3.Impostos s/ bonificações	BONIF DE PROD SOBRE VENDA	-1621,12		8893735,76	0
2026	10	out	T4	T4-2026	2º Sem.	Consolidação	1010200	VAREJO - RJ	3.Despesas com Vendas	3.Impostos s/ bonificações	BONIF DE PROD SOBRE VENDA	-398,05		8893735,76	0
2026	10	out	T4	T4-2026	2º Sem.	Consolidação	1010100	VAREJO - SP	3.Despesas com Vendas	3.Impostos s/ bonificações	BONIF DE PROD SOBRE VENDA	-231,09		8893735,76	0
2026	10	out	T4	T4-2026	2º Sem.	Consolidação	1010400	VAREJO - SUL	3.Despesas com Vendas	3.Impostos s/ bonificações	BONIF DE PROD SOBRE VENDA	-1526,76		8893735,76	0
2026	11	nov	T4	T4-2026	2º Sem.	Consolidação	1020000	DISTRIBUICAO	3.Despesas com Vendas	3.Impostos s/ bonificações	BONIF DE PROD SOBRE VENDA	-15748,88		9596091,35	0
2026	11	nov	T4	T4-2026	2º Sem.	Consolidação	1010300	VAREJO - ND	3.Despesas com Vendas	3.Impostos s/ bonificações	BONIF DE PROD SOBRE VENDA	-1358,94		9596091,35	0
2026	11	nov	T4	T4-2026	2º Sem.	Consolidação	1010200	VAREJO - RJ	3.Despesas com Vendas	3.Impostos s/ bonificações	BONIF DE PROD SOBRE VENDA	-398,05		9596091,35	0
2026	11	nov	T4	T4-2026	2º Sem.	Consolidação	1010100	VAREJO - SP	3.Despesas com Vendas	3.Impostos s/ bonificações	BONIF DE PROD SOBRE VENDA	-231,09		9596091,35	0
2026	11	nov	T4	T4-2026	2º Sem.	Consolidação	1010400	VAREJO - SUL	3.Despesas com Vendas	3.Impostos s/ bonificações	BONIF DE PROD SOBRE VENDA	-1377,75		9596091,35	0
2026	12	dez	T4	T4-2026	2º Sem.	Consolidação	1020000	DISTRIBUICAO	3.Despesas com Vendas	3.Impostos s/ bonificações	BONIF DE PROD SOBRE VENDA	-12361,92		6867831,05	0
2026	12	dez	T4	T4-2026	2º Sem.	Consolidação	1010300	VAREJO - ND	3.Despesas com Vendas	3.Impostos s/ bonificações	BONIF DE PROD SOBRE VENDA	-1097,7		6867831,05	0
2026	12	dez	T4	T4-2026	2º Sem.	Consolidação	1010200	VAREJO - RJ	3.Despesas com Vendas	3.Impostos s/ bonificações	BONIF DE PROD SOBRE VENDA	-315,7		6867831,05	0
2026	12	dez	T4	T4-2026	2º Sem.	Consolidação	1010100	VAREJO - SP	3.Despesas com Vendas	3.Impostos s/ bonificações	BONIF DE PROD SOBRE VENDA	-197,87		6867831,05	0
2026	12	dez	T4	T4-2026	2º Sem.	Consolidação	1010400	VAREJO - SUL	3.Despesas com Vendas	3.Impostos s/ bonificações	BONIF DE PROD SOBRE VENDA	-997,48		6867831,05	0
2025	1	jan	T1	T1-2025	1º Sem.	Consolidação	1050000	COMERCIO EXTERIOR	3.Despesas com Vendas	3.Impostos s/ bonificações	BONIF DE PROD SOBRE VENDA	-57,41		4606991,6	347022,6412
2025	2	fev	T1	T1-2025	1º Sem.	Consolidação	1050000	COMERCIO EXTERIOR	3.Despesas com Vendas	3.Impostos s/ bonificações	BONIF DE PROD SOBRE VENDA	-52,86		4216864,06	780104,6938
2025	3	mar	T1	T1-2025	1º Sem.	Consolidação	1050000	COMERCIO EXTERIOR	3.Despesas com Vendas	3.Impostos s/ bonificações	BONIF DE PROD SOBRE VENDA	-47,63		4570963,88	434614,6343
2025	4	abr	T2	T2-2025	1º Sem.	Consolidação	1050000	COMERCIO EXTERIOR	3.Despesas com Vendas	3.Impostos s/ bonificações	BONIF DE PROD SOBRE VENDA	-52,17		5045713,85	912934,6725
2025	5	mai	T2	T2-2025	1º Sem.	Consolidação	1050000	COMERCIO EXTERIOR	3.Despesas com Vendas	3.Impostos s/ bonificações	BONIF DE PROD SOBRE VENDA	-56,71		5512279,65	1011721,2897
2025	6	jun	T2	T2-2025	1º Sem.	Consolidação	1050000	COMERCIO EXTERIOR	3.Despesas com Vendas	3.Impostos s/ bonificações	BONIF DE PROD SOBRE VENDA	-56,71		5644016,74	550459,4085
2025	7	jul	T3	T3-2025	2º Sem.	Consolidação	1050000	COMERCIO EXTERIOR	3.Despesas com Vendas	3.Impostos s/ bonificações	BONIF DE PROD SOBRE VENDA	-58,22		5742667,37	645965,0182
2025	8	ago	T3	T3-2025	2º Sem.	Consolidação	1050000	COMERCIO EXTERIOR	3.Despesas com Vendas	3.Impostos s/ bonificações	BONIF DE PROD SOBRE VENDA	-68,05		6555235,34	885220,303
2025	9	set	T3	T3-2025	2º Sem.	Consolidação	1050000	COMERCIO EXTERIOR	3.Despesas com Vendas	3.Impostos s/ bonificações	BONIF DE PROD SOBRE VENDA	-81,17		6738690,72	899181,5971
2025	10	out	T4	T4-2025	2º Sem.	Consolidação	1050000	COMERCIO EXTERIOR	3.Despesas com Vendas	3.Impostos s/ bonificações	BONIF DE PROD SOBRE VENDA	-90,73		7955451,09	1271825,2364
2025	11	nov	T4	T4-2025	2º Sem.	Consolidação	1050000	COMERCIO EXTERIOR	3.Despesas com Vendas	3.Impostos s/ bonificações	BONIF DE PROD SOBRE VENDA	-88,95		8546417,28	1535126,1796
2025	12	dez	T4	T4-2025	2º Sem.	Consolidação	1050000	COMERCIO EXTERIOR	3.Despesas com Vendas	3.Impostos s/ bonificações	BONIF DE PROD SOBRE VENDA	-64,27		6411959,51	878426,4368
2025	1	jan	T1	T1-2025	1º Sem.	Consolidação	1010300	VAREJO - ND	3.Despesas com Vendas	3.Impostos s/ bonificações	BONIF DE PROD SOBRE VENDA	-922,37		4606991,6	347022,6412
2025	2	fev	T1	T1-2025	1º Sem.	Consolidação	1010300	VAREJO - ND	3.Despesas com Vendas	3.Impostos s/ bonificações	BONIF DE PROD SOBRE VENDA	-849,17		4216864,06	780104,6938
2025	3	mar	T1	T1-2025	1º Sem.	Consolidação	1010300	VAREJO - ND	3.Despesas com Vendas	3.Impostos s/ bonificações	BONIF DE PROD SOBRE VENDA	-922,37		4570963,88	434614,6343
2025	4	abr	T2	T2-2025	1º Sem.	Consolidação	1010300	VAREJO - ND	3.Despesas com Vendas	3.Impostos s/ bonificações	BONIF DE PROD SOBRE VENDA	-1010,22		5045713,85	912934,6725
2025	5	mai	T2	T2-2025	1º Sem.	Consolidação	1010300	VAREJO - ND	3.Despesas com Vendas	3.Impostos s/ bonificações	BONIF DE PROD SOBRE VENDA	-1098,06		5512279,65	1011721,2897
2025	6	jun	T2	T2-2025	1º Sem.	Consolidação	1010300	VAREJO - ND	3.Despesas com Vendas	3.Impostos s/ bonificações	BONIF DE PROD SOBRE VENDA	-1098,06		5644016,74	550459,4085
2025	7	jul	T3	T3-2025	2º Sem.	Consolidação	1010300	VAREJO - ND	3.Despesas com Vendas	3.Impostos s/ bonificações	BONIF DE PROD SOBRE VENDA	-1127,35		5742667,37	645965,0182
2025	8	ago	T3	T3-2025	2º Sem.	Consolidação	1010300	VAREJO - ND	3.Despesas com Vendas	3.Impostos s/ bonificações	BONIF DE PROD SOBRE VENDA	-1317,68		6555235,34	885220,303
2025	9	set	T3	T3-2025	2º Sem.	Consolidação	1010300	VAREJO - ND	3.Despesas com Vendas	3.Impostos s/ bonificações	BONIF DE PROD SOBRE VENDA	-1464,08		6738690,72	899181,5971
2025	10	out	T4	T4-2025	2º Sem.	Consolidação	1010300	VAREJO - ND	3.Despesas com Vendas	3.Impostos s/ bonificações	BONIF DE PROD SOBRE VENDA	-1756,9		7955451,09	1271825,2364
2025	11	nov	T4	T4-2025	2º Sem.	Consolidação	1010300	VAREJO - ND	3.Despesas com Vendas	3.Impostos s/ bonificações	BONIF DE PROD SOBRE VENDA	-1756,9		8546417,28	1535126,1796
2025	12	dez	T4	T4-2025	2º Sem.	Consolidação	1010300	VAREJO - ND	3.Despesas com Vendas	3.Impostos s/ bonificações	BONIF DE PROD SOBRE VENDA	-1317,68		6411959,51	878426,4368
2025	1	jan	T1	T1-2025	1º Sem.	Consolidação	1010200	VAREJO - RJ	3.Despesas com Vendas	3.Impostos s/ bonificações	BONIF DE PROD SOBRE VENDA	-267,1		4606991,6	347022,6412
2025	2	fev	T1	T1-2025	1º Sem.	Consolidação	1010200	VAREJO - RJ	3.Despesas com Vendas	3.Impostos s/ bonificações	BONIF DE PROD SOBRE VENDA	-245,9		4216864,06	780104,6938
2025	3	mar	T1	T1-2025	1º Sem.	Consolidação	1010200	VAREJO - RJ	3.Despesas com Vendas	3.Impostos s/ bonificações	BONIF DE PROD SOBRE VENDA	-267,1		4570963,88	434614,6343
2025	4	abr	T2	T2-2025	1º Sem.	Consolidação	1010200	VAREJO - RJ	3.Despesas com Vendas	3.Impostos s/ bonificações	BONIF DE PROD SOBRE VENDA	-292,53		5045713,85	912934,6725
2025	5	mai	T2	T2-2025	1º Sem.	Consolidação	1010200	VAREJO - RJ	3.Despesas com Vendas	3.Impostos s/ bonificações	BONIF DE PROD SOBRE VENDA	-317,97		5512279,65	1011721,2897
2025	6	jun	T2	T2-2025	1º Sem.	Consolidação	1010200	VAREJO - RJ	3.Despesas com Vendas	3.Impostos s/ bonificações	BONIF DE PROD SOBRE VENDA	-317,97		5644016,74	550459,4085
2025	7	jul	T3	T3-2025	2º Sem.	Consolidação	1010200	VAREJO - RJ	3.Despesas com Vendas	3.Impostos s/ bonificações	BONIF DE PROD SOBRE VENDA	-326,45		5742667,37	645965,0182
2025	8	ago	T3	T3-2025	2º Sem.	Consolidação	1010200	VAREJO - RJ	3.Despesas com Vendas	3.Impostos s/ bonificações	BONIF DE PROD SOBRE VENDA	-381,57		6555235,34	885220,303
2025	9	set	T3	T3-2025	2º Sem.	Consolidação	1010200	VAREJO - RJ	3.Despesas com Vendas	3.Impostos s/ bonificações	BONIF DE PROD SOBRE VENDA	-423,96		6738690,72	899181,5971
2025	10	out	T4	T4-2025	2º Sem.	Consolidação	1010200	VAREJO - RJ	3.Despesas com Vendas	3.Impostos s/ bonificações	BONIF DE PROD SOBRE VENDA	-508,75		7955451,09	1271825,2364
2025	11	nov	T4	T4-2025	2º Sem.	Consolidação	1010200	VAREJO - RJ	3.Despesas com Vendas	3.Impostos s/ bonificações	BONIF DE PROD SOBRE VENDA	-508,75		8546417,28	1535126,1796
2025	12	dez	T4	T4-2025	2º Sem.	Consolidação	1010200	VAREJO - RJ	3.Despesas com Vendas	3.Impostos s/ bonificações	BONIF DE PROD SOBRE VENDA	-381,57		6411959,51	878426,4368
2025	1	jan	T1	T1-2025	1º Sem.	Consolidação	1010100	VAREJO - SP	3.Despesas com Vendas	3.Impostos s/ bonificações	BONIF DE PROD SOBRE VENDA	-231,25		4606991,6	347022,6412
2025	2	fev	T1	T1-2025	1º Sem.	Consolidação	1010100	VAREJO - SP	3.Despesas com Vendas	3.Impostos s/ bonificações	BONIF DE PROD SOBRE VENDA	-212,89		4216864,06	780104,6938
2025	3	mar	T1	T1-2025	1º Sem.	Consolidação	1010100	VAREJO - SP	3.Despesas com Vendas	3.Impostos s/ bonificações	BONIF DE PROD SOBRE VENDA	-231,25		4570963,88	434614,6343
2025	4	abr	T2	T2-2025	1º Sem.	Consolidação	1010100	VAREJO - SP	3.Despesas com Vendas	3.Impostos s/ bonificações	BONIF DE PROD SOBRE VENDA	-253,27		5045713,85	912934,6725
2025	5	mai	T2	T2-2025	1º Sem.	Consolidação	1010100	VAREJO - SP	3.Despesas com Vendas	3.Impostos s/ bonificações	BONIF DE PROD SOBRE VENDA	-275,29		5512279,65	1011721,2897
2025	6	jun	T2	T2-2025	1º Sem.	Consolidação	1010100	VAREJO - SP	3.Despesas com Vendas	3.Impostos s/ bonificações	BONIF DE PROD SOBRE VENDA	-275,29		5644016,74	550459,4085
2025	7	jul	T3	T3-2025	2º Sem.	Consolidação	1010100	VAREJO - SP	3.Despesas com Vendas	3.Impostos s/ bonificações	BONIF DE PROD SOBRE VENDA	-282,64		5742667,37	645965,0182
2025	8	ago	T3	T3-2025	2º Sem.	Consolidação	1010100	VAREJO - SP	3.Despesas com Vendas	3.Impostos s/ bonificações	BONIF DE PROD SOBRE VENDA	-330,35		6555235,34	885220,303
2025	9	set	T3	T3-2025	2º Sem.	Consolidação	1010100	VAREJO - SP	3.Despesas com Vendas	3.Impostos s/ bonificações	BONIF DE PROD SOBRE VENDA	-367,06		6738690,72	899181,5971
2025	10	out	T4	T4-2025	2º Sem.	Consolidação	1010100	VAREJO - SP	3.Despesas com Vendas	3.Impostos s/ bonificações	BONIF DE PROD SOBRE VENDA	-440,47		7955451,09	1271825,2364
2025	11	nov	T4	T4-2025	2º Sem.	Consolidação	1010100	VAREJO - SP	3.Despesas com Vendas	3.Impostos s/ bonificações	BONIF DE PROD SOBRE VENDA	-440,47		8546417,28	1535126,1796
2025	12	dez	T4	T4-2025	2º Sem.	Consolidação	1010100	VAREJO - SP	3.Despesas com Vendas	3.Impostos s/ bonificações	BONIF DE PROD SOBRE VENDA	-330,35		6411959,51	878426,4368
2025	1	jan	T1	T1-2025	1º Sem.	Consolidação	1010400	VAREJO - SUL	3.Despesas com Vendas	3.Impostos s/ bonificações	BONIF DE PROD SOBRE VENDA	-637,57		4606991,6	347022,6412
2025	2	fev	T1	T1-2025	1º Sem.	Consolidação	1010400	VAREJO - SUL	3.Despesas com Vendas	3.Impostos s/ bonificações	BONIF DE PROD SOBRE VENDA	-13,44		4216864,06	780104,6938
2025	3	mar	T1	T1-2025	1º Sem.	Consolidação	1010400	VAREJO - SUL	3.Despesas com Vendas	3.Impostos s/ bonificações	BONIF DE PROD SOBRE VENDA	-14,6		4570963,88	434614,6343
2025	4	abr	T2	T2-2025	1º Sem.	Consolidação	1010400	VAREJO - SUL	3.Despesas com Vendas	3.Impostos s/ bonificações	BONIF DE PROD SOBRE VENDA	-15,99		5045713,85	912934,6725
2025	5	mai	T2	T2-2025	1º Sem.	Consolidação	1010400	VAREJO - SUL	3.Despesas com Vendas	3.Impostos s/ bonificações	BONIF DE PROD SOBRE VENDA	-17,38		5512279,65	1011721,2897
2025	6	jun	T2	T2-2025	1º Sem.	Consolidação	1010400	VAREJO - SUL	3.Despesas com Vendas	3.Impostos s/ bonificações	BONIF DE PROD SOBRE VENDA	-17,38		5644016,74	550459,4085
2025	7	jul	T3	T3-2025	2º Sem.	Consolidação	1010400	VAREJO - SUL	3.Despesas com Vendas	3.Impostos s/ bonificações	BONIF DE PROD SOBRE VENDA	-17,84		5742667,37	645965,0182
2025	8	ago	T3	T3-2025	2º Sem.	Consolidação	1010400	VAREJO - SUL	3.Despesas com Vendas	3.Impostos s/ bonificações	BONIF DE PROD SOBRE VENDA	-20,86		6555235,34	885220,303
2025	9	set	T3	T3-2025	2º Sem.	Consolidação	1010400	VAREJO - SUL	3.Despesas com Vendas	3.Impostos s/ bonificações	BONIF DE PROD SOBRE VENDA	-23,17		6738690,72	899181,5971
2025	10	out	T4	T4-2025	2º Sem.	Consolidação	1010400	VAREJO - SUL	3.Despesas com Vendas	3.Impostos s/ bonificações	BONIF DE PROD SOBRE VENDA	-27,81		7955451,09	1271825,2364
2025	11	nov	T4	T4-2025	2º Sem.	Consolidação	1010400	VAREJO - SUL	3.Despesas com Vendas	3.Impostos s/ bonificações	BONIF DE PROD SOBRE VENDA	-27,81		8546417,28	1535126,1796
2025	12	dez	T4	T4-2025	2º Sem.	Consolidação	1010400	VAREJO - SUL	3.Despesas com Vendas	3.Impostos s/ bonificações	BONIF DE PROD SOBRE VENDA	-20,86		6411959,51	878426,4368
2023	8	ago	T3	T3-2023	2º Sem.	Consolidação	3010000	ASSISTENCIA TECNICA	3.Despesas com Vendas	3.Impostos s/ bonificações	BONIFICAÇÃO DE PRODUTOS ASSIS TECNICA	-26		6376723	0
2023	8	ago	T3	T3-2023	2º Sem.	Consolidação	12010000	E-COMMERCE	3.Despesas com Vendas	3.Impostos s/ bonificações	BONIFICAÇÃO DE PRODUTOS ASSIS TECNICA	-6		6376723	0
2023	12	dez	T4	T4-2023	2º Sem.	Consolidação	12010000	E-COMMERCE	3.Despesas com Vendas	3.Impostos s/ bonificações	BONIFICAÇÃO DE PRODUTOS ASSIS TECNICA	-6		6636875	0
2023	7	jul	T3	T3-2023	2º Sem.	Consolidação	3010000	ASSISTENCIA TECNICA	3.Despesas com Vendas	3.Impostos s/ bonificações	BONIFICAÇÃO DE PRODUTOS ASSIS TECNICA	-26		5341477	0
2023	9	set	T3	T3-2023	2º Sem.	Consolidação	12010000	E-COMMERCE	3.Despesas com Vendas	3.Impostos s/ bonificações	BONIFICAÇÃO DE PRODUTOS ASSIS TECNICA	-6		7392012	0
2023	10	out	T4	T4-2023	2º Sem.	Consolidação	12010000	E-COMMERCE	3.Despesas com Vendas	3.Impostos s/ bonificações	BONIFICAÇÃO DE PRODUTOS ASSIS TECNICA	-6		8620852	0
2023	10	out	T4	T4-2023	2º Sem.	Consolidação	3010000	ASSISTENCIA TECNICA	3.Despesas com Vendas	3.Impostos s/ bonificações	BONIFICAÇÃO DE PRODUTOS ASSIS TECNICA	-26		8620852	0
2023	7	jul	T3	T3-2023	2º Sem.	Consolidação	12010000	E-COMMERCE	3.Despesas com Vendas	3.Impostos s/ bonificações	BONIFICAÇÃO DE PRODUTOS ASSIS TECNICA	-6		5341477	0
2023	7	jul	T3	T3-2023	2º Sem.	Consolidação	1010100	VAREJO - SP	3.Despesas com Vendas	3.Impostos s/ bonificações	BONIFICAÇÃO DE PRODUTOS ASSIS TECNICA	-8		5341477	0
2023	11	nov	T4	T4-2023	2º Sem.	Consolidação	3010000	ASSISTENCIA TECNICA	3.Despesas com Vendas	3.Impostos s/ bonificações	BONIFICAÇÃO DE PRODUTOS ASSIS TECNICA	-26		8743403	0
2023	12	dez	T4	T4-2023	2º Sem.	Consolidação	3010000	ASSISTENCIA TECNICA	3.Despesas com Vendas	3.Impostos s/ bonificações	BONIFICAÇÃO DE PRODUTOS ASSIS TECNICA	-26		6636875	0
2023	9	set	T3	T3-2023	2º Sem.	Consolidação	3010000	ASSISTENCIA TECNICA	3.Despesas com Vendas	3.Impostos s/ bonificações	BONIFICAÇÃO DE PRODUTOS ASSIS TECNICA	-26		7392012	0
2023	11	nov	T4	T4-2023	2º Sem.	Consolidação	12010000	E-COMMERCE	3.Despesas com Vendas	3.Impostos s/ bonificações	BONIFICAÇÃO DE PRODUTOS ASSIS TECNICA	-6		8743403	0
2023	12	dez	T4	T4-2023	2º Sem.	Consolidação	1010100	VAREJO - SP	3.Despesas com Vendas	3.Impostos s/ bonificações	BONIFICAÇÃO DE PRODUTOS ASSIS TECNICA	-10		6636875	0
2023	9	set	T3	T3-2023	2º Sem.	Consolidação	1010100	VAREJO - SP	3.Despesas com Vendas	3.Impostos s/ bonificações	BONIFICAÇÃO DE PRODUTOS ASSIS TECNICA	-12		7392012	0
2023	10	out	T4	T4-2023	2º Sem.	Consolidação	1010100	VAREJO - SP	3.Despesas com Vendas	3.Impostos s/ bonificações	BONIFICAÇÃO DE PRODUTOS ASSIS TECNICA	-15		8620852	0
2023	11	nov	T4	T4-2023	2º Sem.	Consolidação	1010100	VAREJO - SP	3.Despesas com Vendas	3.Impostos s/ bonificações	BONIFICAÇÃO DE PRODUTOS ASSIS TECNICA	-15		8743403	0
2024	1	jan	T1	T1-2024	1º Sem.	Consolidação	1020000	DISTRIBUICAO	3.Despesas com Vendas	2.Bonificação Clientes	BONIF DE PROD SOBRE VENDA	-72500		3941077,04	519141,143
2024	6	jun	T2	T2-2024	1º Sem.	Consolidação	1020000	DISTRIBUICAO	3.Despesas com Vendas	2.Bonificação Clientes	BONIF DE PROD SOBRE VENDA	-105000		5650089	951443,1635
2024	10	out	T4	T4-2024	2º Sem.	Consolidação	1020000	DISTRIBUICAO	3.Despesas com Vendas	2.Bonificação Clientes	BONIF DE PROD SOBRE VENDA	-160000		7487771	825631,242
2024	12	dez	T4	T4-2024	2º Sem.	Consolidação	1020000	DISTRIBUICAO	3.Despesas com Vendas	2.Bonificação Clientes	BONIF DE PROD SOBRE VENDA	-130000		6011955	1242067,84
2025	1	jan	T1	T1-2025	1º Sem.	Consolidação	1020000	DISTRIBUICAO	3.Despesas com Vendas	2.Bonificação Clientes	BONIF DE PROD SOBRE VENDA	-170925,5		4606991,6	347022,6412
2025	7	jul	T3	T3-2025	2º Sem.	Consolidação	1020000	DISTRIBUICAO	3.Despesas com Vendas	2.Bonificação Clientes	BONIF DE PROD SOBRE VENDA	-208909		5742667,37	645965,0182
2025	8	ago	T3	T3-2025	2º Sem.	Consolidação	1020000	DISTRIBUICAO	3.Despesas com Vendas	2.Bonificação Clientes	BONIF DE PROD SOBRE VENDA	-244179,3		6555235,34	885220,303
2024	4	abr	T2	T2-2024	1º Sem.	Consolidação	1020000	DISTRIBUICAO	3.Despesas com Vendas	2.Bonificação Clientes	BONIF DE PROD SOBRE VENDA	-87500		4661710	598059,9466
2024	2	fev	T1	T1-2024	1º Sem.	Consolidação	1020000	DISTRIBUICAO	3.Despesas com Vendas	2.Bonificação Clientes	BONIF DE PROD SOBRE VENDA	-62500		3501584	646860,5811
2024	5	mai	T2	T2-2024	1º Sem.	Consolidação	1020000	DISTRIBUICAO	3.Despesas com Vendas	2.Bonificação Clientes	BONIF DE PROD SOBRE VENDA	-97500		5318896	995094,6729
2024	8	ago	T3	T3-2024	2º Sem.	Consolidação	1020000	DISTRIBUICAO	3.Despesas com Vendas	2.Bonificação Clientes	BONIF DE PROD SOBRE VENDA	-130000		6054278	737784,3344
2024	11	nov	T4	T4-2024	2º Sem.	Consolidação	1020000	DISTRIBUICAO	3.Despesas com Vendas	2.Bonificação Clientes	BONIF DE PROD SOBRE VENDA	-155000		7643263	956761,4572
2025	3	mar	T1	T1-2025	1º Sem.	Consolidação	1020000	DISTRIBUICAO	3.Despesas com Vendas	2.Bonificação Clientes	BONIF DE PROD SOBRE VENDA	-170925,5		4570963,88	434614,6343
2024	9	set	T3	T3-2024	2º Sem.	Consolidação	1020000	DISTRIBUICAO	3.Despesas com Vendas	2.Bonificação Clientes	BONIF DE PROD SOBRE VENDA	-145000		6793771	708584,88
2025	4	abr	T2	T2-2025	1º Sem.	Consolidação	1020000	DISTRIBUICAO	3.Despesas com Vendas	2.Bonificação Clientes	BONIF DE PROD SOBRE VENDA	-187204,1		5045713,85	912934,6725
2025	5	mai	T2	T2-2025	1º Sem.	Consolidação	1020000	DISTRIBUICAO	3.Despesas com Vendas	2.Bonificação Clientes	BONIF DE PROD SOBRE VENDA	-203482,7		5512279,65	1011721,2897
2024	7	jul	T3	T3-2024	2º Sem.	Consolidação	1020000	DISTRIBUICAO	3.Despesas com Vendas	2.Bonificação Clientes	BONIF DE PROD SOBRE VENDA	-116784		5615791,31	872080,2154
2025	6	jun	T2	T2-2025	1º Sem.	Consolidação	1020000	DISTRIBUICAO	3.Despesas com Vendas	2.Bonificação Clientes	BONIF DE PROD SOBRE VENDA	-203482,7		5644016,74	550459,4085
2024	3	mar	T1	T1-2024	1º Sem.	Consolidação	1020000	DISTRIBUICAO	3.Despesas com Vendas	2.Bonificação Clientes	BONIF DE PROD SOBRE VENDA	-77500		4201150	658364,8288
2025	2	fev	T1	T1-2025	1º Sem.	Consolidação	1020000	DISTRIBUICAO	3.Despesas com Vendas	2.Bonificação Clientes	BONIF DE PROD SOBRE VENDA	-157360		4216864,06	780104,6938
2026	3	mar	T1	T1-2026	1º Sem.	Consolidação	1020000	DISTRIBUICAO	3.Despesas com Vendas	2.Bonificação Clientes	BONIF DE PROD SOBRE VENDA	-182546,6		5710891,34	1414588,122
2026	4	abr	T2	T2-2026	1º Sem.	Consolidação	1020000	DISTRIBUICAO	3.Despesas com Vendas	2.Bonificação Clientes	BONIF DE PROD SOBRE VENDA	-212197		6299522,52	961293,4252
2026	7	jul	T3	T3-2026	2º Sem.	Consolidação	1020000	DISTRIBUICAO	3.Despesas com Vendas	2.Bonificação Clientes	BONIF DE PROD SOBRE VENDA	-214797,9		6840423,05	1469612,6872
2026	9	set	T3	T3-2026	2º Sem.	Consolidação	1020000	DISTRIBUICAO	3.Despesas com Vendas	2.Bonificação Clientes	BONIF DE PROD SOBRE VENDA	-221944,8		7397306,85	325992,65
2025	9	set	T3	T3-2025	2º Sem.	Consolidação	1020000	DISTRIBUICAO	3.Despesas com Vendas	2.Bonificação Clientes	BONIF DE PROD SOBRE VENDA	-220000		6738690,72	899181,5971
2025	11	nov	T4	T4-2025	2º Sem.	Consolidação	1020000	DISTRIBUICAO	3.Despesas com Vendas	2.Bonificação Clientes	BONIF DE PROD SOBRE VENDA	-290000		8546417,28	1535126,1796
2025	12	dez	T4	T4-2025	2º Sem.	Consolidação	1020000	DISTRIBUICAO	3.Despesas com Vendas	2.Bonificação Clientes	BONIF DE PROD SOBRE VENDA	-205000		6411959,51	878426,4368
2026	2	fev	T1	T1-2026	1º Sem.	Consolidação	1020000	DISTRIBUICAO	3.Despesas com Vendas	2.Bonificação Clientes	BONIF DE PROD SOBRE VENDA	-163438,1		4981218,61	623737,974
2026	5	mai	T2	T2-2026	1º Sem.	Consolidação	1020000	DISTRIBUICAO	3.Despesas com Vendas	2.Bonificação Clientes	BONIF DE PROD SOBRE VENDA	-263747,8		7535712,28	1832348,5392
2025	10	out	T4	T4-2025	2º Sem.	Consolidação	1020000	DISTRIBUICAO	3.Despesas com Vendas	2.Bonificação Clientes	BONIF DE PROD SOBRE VENDA	-300000		7955451,09	1271825,2364
2026	8	ago	T3	T3-2026	2º Sem.	Consolidação	1020000	DISTRIBUICAO	3.Despesas com Vendas	2.Bonificação Clientes	BONIF DE PROD SOBRE VENDA	-222660		7293908,34	1324472,974
2026	1	jan	T1	T1-2026	1º Sem.	Consolidação	1020000	DISTRIBUICAO	3.Despesas com Vendas	2.Bonificação Clientes	BONIF DE PROD SOBRE VENDA	-182546,6		5500885,79	510404,9322
2026	6	jun	T2	T2-2026	1º Sem.	Consolidação	1020000	DISTRIBUICAO	3.Despesas com Vendas	2.Bonificação Clientes	BONIF DE PROD SOBRE VENDA	-214797,9		6768805,86	1369494,069
2026	8	ago	T3	T3-2026	2º Sem.	Consolidação	24010101	FCC AMAZON	3.Despesas com Vendas	1.Frete	FRETES SOBRE VENDAS	-7425,6	-7437,3404	7293908,34	1324472,974
2026	3	mar	T1	T1-2026	1º Sem.	Consolidação	24010101	FCC AMAZON	3.Despesas com Vendas	1.Frete	FRETES SOBRE VENDAS	-7030,4	-5286,5232	5710891,34	1414588,122
2026	4	abr	T2	T2-2026	1º Sem.	Consolidação	24010101	FCC AMAZON	3.Despesas com Vendas	1.Frete	FRETES SOBRE VENDAS	-5844,8	-8449,21740000001	6299522,52	961293,4252
2026	7	jul	T3	T3-2026	2º Sem.	Consolidação	24010101	FCC AMAZON	3.Despesas com Vendas	1.Frete	FRETES SOBRE VENDAS	-12376	-6930,136	6840423,05	1469612,6872
2025	11	nov	T4	T4-2025	2º Sem.	Consolidação	24010101	FCC AMAZON	3.Despesas com Vendas	1.Frete	FRETES SOBRE VENDAS	-5886,9	-9381,5008	8546417,28	1535126,1796
2025	10	out	T4	T4-2025	2º Sem.	Consolidação	24010101	FCC AMAZON	3.Despesas com Vendas	1.Frete	FRETES SOBRE VENDAS	-5151,03	-6557,7122	7955451,09	1271825,2364
2026	6	jun	T2	T2-2026	1º Sem.	Consolidação	24010101	FCC AMAZON	3.Despesas com Vendas	1.Frete	FRETES SOBRE VENDAS	-6687,2	-7390,5282	6768805,86	1369494,069
2026	2	fev	T1	T1-2026	1º Sem.	Consolidação	24010101	FCC AMAZON	3.Despesas com Vendas	1.Frete	FRETES SOBRE VENDAS	-6073,6	-5517,46	4981218,61	623737,974
2025	9	set	T3	T3-2025	2º Sem.	Consolidação	24010101	FCC AMAZON	3.Despesas com Vendas	1.Frete	FRETES SOBRE VENDAS	-4415,17	-4218,96	6738690,72	899181,5971
2026	5	mai	T2	T2-2026	1º Sem.	Consolidação	24010101	FCC AMAZON	3.Despesas com Vendas	1.Frete	FRETES SOBRE VENDAS	-6375,2	-2129,3496	7535712,28	1832348,5392
2025	12	dez	T4	T4-2025	2º Sem.	Consolidação	24010101	FCC AMAZON	3.Despesas com Vendas	1.Frete	FRETES SOBRE VENDAS	-4415,17	-11091,4338	6411959,51	878426,4368
2026	1	jan	T1	T1-2026	1º Sem.	Consolidação	24010101	FCC AMAZON	3.Despesas com Vendas	1.Frete	FRETES SOBRE VENDAS	-7560,8	-6807,1238	5500885,79	510404,9322
2026	8	ago	T3	T3-2026	2º Sem.	Consolidação	24010101	FCC AMAZON	3.Despesas com Vendas	4.Comissões	COMISSOES SOBRE VENDAS MARKETPLACE	-13923	-13591,802	7293908,34	1324472,974
2026	3	mar	T1	T1-2026	1º Sem.	Consolidação	24010101	FCC AMAZON	3.Despesas com Vendas	4.Comissões	COMISSOES SOBRE VENDAS MARKETPLACE	-13182	-11021,4504	5710891,34	1414588,122
2026	4	abr	T2	T2-2026	1º Sem.	Consolidação	24010101	FCC AMAZON	3.Despesas com Vendas	4.Comissões	COMISSOES SOBRE VENDAS MARKETPLACE	-10959	-16774,632	6299522,52	961293,4252
2026	7	jul	T3	T3-2026	2º Sem.	Consolidação	24010101	FCC AMAZON	3.Despesas com Vendas	4.Comissões	COMISSOES SOBRE VENDAS MARKETPLACE	-23205	-12875,8696	6840423,05	1469612,6872
2025	11	nov	T4	T4-2025	2º Sem.	Consolidação	24010101	FCC AMAZON	3.Despesas com Vendas	4.Comissões	COMISSOES SOBRE VENDAS MARKETPLACE	-22672,45	-16961,0232	8546417,28	1535126,1796
2025	10	out	T4	T4-2025	2º Sem.	Consolidação	24010101	FCC AMAZON	3.Despesas com Vendas	4.Comissões	COMISSOES SOBRE VENDAS MARKETPLACE	-19838,4	-13566,2891	7955451,09	1271825,2364
2026	6	jun	T2	T2-2026	1º Sem.	Consolidação	24010101	FCC AMAZON	3.Despesas com Vendas	4.Comissões	COMISSOES SOBRE VENDAS MARKETPLACE	-12538,5	-16048,107	6768805,86	1369494,069
2026	2	fev	T1	T1-2026	1º Sem.	Consolidação	24010101	FCC AMAZON	3.Despesas com Vendas	4.Comissões	COMISSOES SOBRE VENDAS MARKETPLACE	-11388	-12378,548	4981218,61	623737,974
2025	9	set	T3	T3-2025	2º Sem.	Consolidação	24010101	FCC AMAZON	3.Despesas com Vendas	4.Comissões	COMISSOES SOBRE VENDAS MARKETPLACE	-17004,34	-7501,17	6738690,72	899181,5971
2026	5	mai	T2	T2-2026	1º Sem.	Consolidação	24010101	FCC AMAZON	3.Despesas com Vendas	4.Comissões	COMISSOES SOBRE VENDAS MARKETPLACE	-11953,5	-3818,9592	7535712,28	1832348,5392
2025	12	dez	T4	T4-2025	2º Sem.	Consolidação	24010101	FCC AMAZON	3.Despesas com Vendas	4.Comissões	COMISSOES SOBRE VENDAS MARKETPLACE	-17004,34	-20142,4544	6411959,51	878426,4368
2026	1	jan	T1	T1-2026	1º Sem.	Consolidação	24010101	FCC AMAZON	3.Despesas com Vendas	4.Comissões	COMISSOES SOBRE VENDAS MARKETPLACE	-14176,5	-13191,1858	5500885,79	510404,9322
2024	7	jul	T3	T3-2024	2º Sem.	Consolidação	1010100	VAREJO - SP	3.Despesas com Vendas	5.Bonificação Gerente	PREMIAÇÃO S/ META	-3000		5615791,31	872080,2154
2023	6	jun	T2	T2-2023	1º Sem.	Consolidação	12120000	AMAZON	3.Despesas com Vendas	4.Comissões	COMISSOES SOBRE VENDAS MARKETPLACE	-12641,88		6980700,32	0
2023	6	jun	T2	T2-2023	1º Sem.	Consolidação	12060000	B2W	3.Despesas com Vendas	4.Comissões	COMISSOES SOBRE VENDAS MARKETPLACE	-5700		6980700,32	0
2023	6	jun	T2	T2-2023	1º Sem.	Consolidação	12090000	MAGALU	3.Despesas com Vendas	4.Comissões	COMISSOES SOBRE VENDAS MARKETPLACE	-16698,24		6980700,32	0
2023	6	jun	T2	T2-2023	1º Sem.	Consolidação	12050000	MERCADO LIVRE	3.Despesas com Vendas	4.Comissões	COMISSOES SOBRE VENDAS MARKETPLACE	-90329,38		6980700,32	0
2023	6	jun	T2	T2-2023	1º Sem.	Consolidação	12150000	OLIST	3.Despesas com Vendas	4.Comissões	COMISSOES SOBRE VENDAS MARKETPLACE	-800		6980700,32	0
2023	6	jun	T2	T2-2023	1º Sem.	Consolidação	12190000	LOJA SHOPEE	3.Despesas com Vendas	4.Comissões	COMISSOES SOBRE VENDAS MARKETPLACE	-285		6980700,32	0
2023	1	jan	T1	T1-2023	1º Sem.	Consolidação	12050000	MERCADO LIVRE	3.Despesas com Vendas	4.Comissões	COMISSOES SOBRE VENDAS MARKETPLACE	-73329,38		4925130,32	0
2023	1	jan	T1	T1-2023	1º Sem.	Consolidação	12150000	OLIST	3.Despesas com Vendas	4.Comissões	COMISSOES SOBRE VENDAS MARKETPLACE	-800		4925130,32	0
2023	1	jan	T1	T1-2023	1º Sem.	Consolidação	12090000	MAGALU	3.Despesas com Vendas	4.Comissões	COMISSOES SOBRE VENDAS MARKETPLACE	-16698,24		4925130,32	0
2023	1	jan	T1	T1-2023	1º Sem.	Consolidação	12120000	AMAZON	3.Despesas com Vendas	4.Comissões	COMISSOES SOBRE VENDAS MARKETPLACE	-9241,88		4925130,32	0
2023	1	jan	T1	T1-2023	1º Sem.	Consolidação	12060000	B2W	3.Despesas com Vendas	4.Comissões	COMISSOES SOBRE VENDAS MARKETPLACE	-2850		4925130,32	0
2023	1	jan	T1	T1-2023	1º Sem.	Consolidação	12190000	LOJA SHOPEE	3.Despesas com Vendas	4.Comissões	COMISSOES SOBRE VENDAS MARKETPLACE	-285		4925130,32	0
2023	4	abr	T2	T2-2023	1º Sem.	Consolidação	12050000	MERCADO LIVRE	3.Despesas com Vendas	4.Comissões	COMISSOES SOBRE VENDAS MARKETPLACE	-73329,38		5833867,32	0
2023	4	abr	T2	T2-2023	1º Sem.	Consolidação	12150000	OLIST	3.Despesas com Vendas	4.Comissões	COMISSOES SOBRE VENDAS MARKETPLACE	-800		5833867,32	0
2023	4	abr	T2	T2-2023	1º Sem.	Consolidação	12090000	MAGALU	3.Despesas com Vendas	4.Comissões	COMISSOES SOBRE VENDAS MARKETPLACE	-16698,24		5833867,32	0
2023	4	abr	T2	T2-2023	1º Sem.	Consolidação	12120000	AMAZON	3.Despesas com Vendas	4.Comissões	COMISSOES SOBRE VENDAS MARKETPLACE	-9241,88		5833867,32	0
2023	5	mai	T2	T2-2023	1º Sem.	Consolidação	12060000	B2W	3.Despesas com Vendas	4.Comissões	COMISSOES SOBRE VENDAS MARKETPLACE	-5700		6527709,32	0
2023	4	abr	T2	T2-2023	1º Sem.	Consolidação	12190000	LOJA SHOPEE	3.Despesas com Vendas	4.Comissões	COMISSOES SOBRE VENDAS MARKETPLACE	-285		5833867,32	0
2023	4	abr	T2	T2-2023	1º Sem.	Consolidação	12060000	B2W	3.Despesas com Vendas	4.Comissões	COMISSOES SOBRE VENDAS MARKETPLACE	-2850		5833867,32	0
2023	3	mar	T1	T1-2023	1º Sem.	Consolidação	12050000	MERCADO LIVRE	3.Despesas com Vendas	4.Comissões	COMISSOES SOBRE VENDAS MARKETPLACE	-73329,38		5152132,32	0
2023	3	mar	T1	T1-2023	1º Sem.	Consolidação	12150000	OLIST	3.Despesas com Vendas	4.Comissões	COMISSOES SOBRE VENDAS MARKETPLACE	-800		5152132,32	0
2023	3	mar	T1	T1-2023	1º Sem.	Consolidação	12090000	MAGALU	3.Despesas com Vendas	4.Comissões	COMISSOES SOBRE VENDAS MARKETPLACE	-16698,24		5152132,32	0
2023	3	mar	T1	T1-2023	1º Sem.	Consolidação	12120000	AMAZON	3.Despesas com Vendas	4.Comissões	COMISSOES SOBRE VENDAS MARKETPLACE	-9241,88		5152132,32	0
2023	3	mar	T1	T1-2023	1º Sem.	Consolidação	12060000	B2W	3.Despesas com Vendas	4.Comissões	COMISSOES SOBRE VENDAS MARKETPLACE	-2850		5152132,32	0
2023	3	mar	T1	T1-2023	1º Sem.	Consolidação	12190000	LOJA SHOPEE	3.Despesas com Vendas	4.Comissões	COMISSOES SOBRE VENDAS MARKETPLACE	-285		5152132,32	0
2023	2	fev	T1	T1-2023	1º Sem.	Cons