usuario,codcencus,centro_resultado,canal
ricardo.pavao,1010200,1010200 - VAREJO - RJ,Distribuição
ricardo.pavao,1010300,1010300 - VAREJO - ND,Distribuição
ricardo.pavao,1010400,1010400 - VAREJO - SUL,Distribuição
ricardo.pavao,1020000,1020000 - DISTRIBUICAO,Distribuição
vinicius.resina,24000000,24000000 - FCC ECOMMERCE,Ecommerce
vinicius.resina,12190000,12190000 - LOJA SHOPEE,Ecommerce
vinicius.resina,12130000,12130000 - LOJA VTEX,Ecommerce
vinicius.resina,12090000,12090000 - MAGALU,Ecommerce
vinicius.resina,12050000,12050000 - MERCADO LIVRE,Ecommerce
vinicius.resina,12040000,12040000 - LOJA PROPRIA (FISICA),Ecommerce
vinicius.resina,12140000,12140000 - LOJA DM COMMERCE (PARLUX),Ecommerce
thiago.figueiredo,10020000,10020000 - DESENVOLVIMENTO DE PRODUTOS,Desenv. Produto
ricardo.stobodzian,1010100,1010100 - VAREJO - SP,Regional SP
felipe.castellano,1050000,1050000 - COMERCIO EXTERIOR,Comex
felipe.castellano,24010101,24010101 - FCC AMAZON,Comex
felipe.castellano,23020000,23020000 - FCC COMERCIO,Comex
felipe.castellano,23010000,23010000 - FCC COMERCIO EUA,Comex
maria.macedo,9010000,9010000 - RH,RH
dirceu.parente,4010500,4010500 - LOGISTICA - SP,Logistica
dirceu.parente,4010600,4010600 - LOGISTICA - RJ,Logistica
dirceu.parente,4010700,4010700 - LOGISTICA - SC,Logistica
seije.luz,10010000,10010000 - MARKETING,Marketing
seije.luz,10011001,10011001 - MARKETING - NACIONAL - MQ,Marketing
seije.luz,10011002,10011002 - MARKETING - NACIONAL - FORCE BARB,Marketing
seije.luz,10011003,10011003 - MARKETING - NACIONAL - ACESSORIO,Marketing
seije.luz,10011005,10011005 - MARKETING - DIGITAL,Marketing
seije.luz,7010000,7010000 - TI - SERVICO INTERNO,Marketing
seije.luz,7020000,7020000 - SERVIÇOS TI,Marketing
frederico.donizeti,6040000,6040000 - ADMINISTRATIVO,Assit. & Adm
frederico.donizeti,19000000,19000000 - ADMINISTRATIVO - CORPORATIVO,Assit. & Adm
frederico.donizeti,3000000,3000000 - ASSISTENCIA TECNICA,Assit. & Adm
frederico.donizeti,3010000,3010000 - ASSISTENCIA TECNICA,Assit. & Adm
frederico.donizeti,2010000,2010000 - SAC,Assit. & Adm
